	405
1	1
`	1
ac	2
acura	46979
aimc	1
ajax	1
alfa	21
alfar	3617
almac	3
alumi	1
am/ir	2
amc	3
amic	3
amig	3
anvil	1
apach	1
apr	3
apri	1
april	63
ari	1
assem	1
asto	22
audi	38034
austi	26
azure	1
baodi	33
bash	1
benel	17
benso	3
bentl	612
berin	1
berto	1
bi/do	2
big t	1
bl/bi	80
blui	1
bmw	105524
bourg	1
bsa	1
buell	14
buick	7503
bulk	1
bwise	1
cabch	1
cadil	20521
cagiv	3
calc	1
campa	8
can a	1
can-a	12
canad	1
canam	90
car n	4
carry	2
cevr	1
cfmot	20
chee	1
chek	1
chevo	1
chevr	91168
chrys	18283
cimc	2
cirbi	2
coach	3
coah	1
coast	1
colli	203
compo	1
cope	7
cpna	1
cr/ca	1
crane	1
crbn	1
cryo	1
custo	8
custu	1
cutaw	2
daewo	1
daix	1
datsu	13
deere	1
delor	2
derbi	1
di/ca	1
diamo	1
dodge	41572
dong	1
dongf	11
dorse	2
ducar	3
ducat	547
dura-	1
dutm	1
e	1
eamc	1
easto	3
eby	2
eco	1
eid	1
elk	4
energ	3
engti	3
etnyr	1
evobu	10
ezld	1
farbe	1
farbr	1
fccc	3
ferra	174
ff	1
fiaa	1
fiat	1281
fona	1
fonta	2
ford	124900
fordf	1
fordu	6
fre	1
freih	1
frgtl	2
frtln	1
frue	1
frueh	2893
fsta	3
ftlr	4
ge/sc	8
geely	5
gene	12
gener	1121
genes	1787
gens	73
genu	3
genui	5
genun	1
geo	28
gilli	1
glben	8
gmc	23855
gmc e	1
gmc.	20
gnsi	5
go	1
gos	4
gr	2
gr/d	1
gratd	2
great	17
hackn	4
harle	1628
haule	2
haulm	2
heavy	1
heil	15
herc	1
hin	2170
hino	4
hno	1
hold	2
homem	5
honda	227915
hu/ho	1
humbe	1
humme	442
hurr	2
husqv	39
hyosu	2
hytr	20
hyund	68522
ic	209
ic co	6
icbus	19
ihstr	1
inda	1
india	107
infin	37375
infm	3
inter	1097
intru	1
iroqu	1
issuz	4
isuzu	1751
it/ca	1
itasc	1
jagua	3307
jaiju	2
jambo	1
jayf	3
jbl	1
jblc	2
je/da	1
jeep	100548
ji/ba	11
jia	4
jiaj	36
jiaju	83
jiang	6
jmh	7
karm	2
kas	9
kasw	2
kauf	1
kaufm	1
kawas	1362
kenco	1
keniw	1
kennw	2
kensi	1
kensw	1
kenwo	682
keyst	1
ki/mo	18
kia	38956
kia (	3
kia m	14
kia.	29
ktm	141
ktm m	1
kymco	59
lafor	1
lambo	435
lamo	85
lance	1
land	107
leike	9
lexus	58871
liebh	1
liefa	2
linco	12886
lingy	3
linha	7
liyan	1
lmbo	3
lonc	2
lotus	7
lucid	14
lytol	1
mac t	1
mack	268
malag	3
mase	2176
maser	15
masr	1
massi	1
mate	1
mayba	11
mazda	34611
mble	1
mbsp	1
mci	44
mcint	4
mclar	95
mclau	1
me/be	100883
merce	47
mercu	2250
mg	14
mi/bi	36
micke	5
mico	1
micro	9
mini	4875
mini-	27
mitsu	12517
mo/go	1
mo/gu	40
mo/ve	3
mob	1
moffe	3
moto-	1
motog	23
motor	13
motsu	1
mtog	2
mv	1
mv/ag	4
mvau	1
mvi	1
mvone	1
mz	1
nab	1
ne/fl	30
new	1
newfl	3
nisn	2
nissa	169870
niu	242
novab	7
novb	2
novel	1
oldsm	152
orion	24
oshko	4
other	33
pace	1
panth	1
peter	274
pgo	8
piag	2
piagg	136
piagi	27
pitst	2
pj	1
plsr	1
plymo	63
polar	99
pole	33
poles	85
ponti	1175
porsc	9449
presv	1
prevo	89
puch	6
qianx	4
qin	3
qipai	31
qiye	1
qnb $	1
ra/ro	1
ram	22590
ram (	8
ram t	3
ramut	2
redha	1
reitn	1
rewac	1
rivia	23
ro/en	42
rock	3
roen	6
rolco	1
rolls	244
rolr	1
rover	19911
roya	4
rps	5
rugby	3
ryenf	30
saa.	4
saab	529
sanme	4
sanya	7
sarcs	1
satur	1046
scion	13
sera	1
setra	9
shang	2
shanq	1
shast	2
shenk	2
shndr	1
sl/sh	4
sling	33
slng	4
smart	877
sp/te	1
ssrmo	1
st/al	3
st/cr	19
st/qu	1
starc	348
sterl	14
stoug	3
strac	12
strc	1
stric	1
stunt	1
subar	40185
summi	4
sunse	1
suzuk	1779
switc	3
sym	19
ta/zh	1
tack	1
taizh	1
tank	1
tao-t	3
taota	9
te/ad	1
temsa	5
tesla	15372
tesmr	3
teyin	26
thmc	1
thoma	243
thoms	5
thor	3
tiany	4
tio	1
tnt	4
tomos	3
toyat	1
toyot	221442
tr/mo	1
tr/tc	1
tr/te	90
trail	11
trao	1
trim	1
trium	572
truck	1
trum	8
tsmr	65
turt	1
tvr	1
ty	22
u hau	1
ud	31
uhaul	2
und	10
unitd	1
unive	1
ural	1
utii	2
utili	41
utlo	1
vangu	1
vanho	36
vehicle make	1
vespa	236
victo	29
vitac	1
volks	35018
volvo	14360
vpg	18
wa/na	1
waba	10
white	1
winne	3
wixi	1
wo/cu	1
workh	86
workm	1
works	15
wuxi	1
xl	1
xxxxx	4
yamah	1359
yiben	4
ymsk	4
yngf	1
yo/fu	1
yong	4
yongf	64
yongu	1
ze/mo	1
zen	1
zero	6
zhen	1
zhn	1
zhng	49
zhong	3
znen	88
zongs	2
zuma	2
